Workbook

Sheet 00 Index
A1: RAID Toolkit
A2: RAID | DeliverIQ Open PM Toolkit - Area Workbook
A3: Free reusable template - CC BY 4.0 - Sheuli A Mukherjee / DeliverIQ
A5: Sheet | B5: Template | C5: Purpose
A6: 01 Simple RAID Log | B6: Starter | C6: Single flat list of Risks, Assumptions, Issues and Dependencies.
A7: 02 Scored RAID Register | B7: Professional / AI-ready | C7: Adds probability x impact scoring and RAG to prioritise items.
A8: 03 Executive RAID Summary | B8: Executive | C8: Top items only, framed as business impact for leadership.
A9: 04 Technical Migration RAID | B9: Specialist | C9: Domain-specific RAID for technical / data migration risk.
A10: 05 RAID Scoring Guide | B10: Reference | C10: Probability/impact scale, scoring matrix, and RAID definitions.
A11: 06 Assumptions Log | B11: Deep-dive | C11: Dedicated tracker for assumptions - the most-neglected RAID category.
A12: 07 RAID Trend Tracker | B12: Analysis | C12: Week-over-week counts by type and RAG, calculated by formula.

Sheet 01 Simple RAID Log
A1: Simple RAID Log
A2: RAID | DeliverIQ Open PM Toolkit
A3: Free reusable template - CC BY 4.0 - Sheuli A Mukherjee / DeliverIQ
A5: Type | B5: Title | C5: Owner | D5: Status | E5: Due Date
A6: Risk | B6: Example delivery risk | C6: Project Manager | D6: Open | E6: 2026-10-01
A7: Assumption | B7: Test data will mirror production volumes | C7: QA Lead | D7: Open
A8: Issue | B8: UAT environment unavailable for two days | C8: Infra Lead | D8: In Progress | E8: 2026-09-18
A9: Dependency | B9: Vendor sign-off on integration spec | C9: Delivery Lead | D9: Open | E9: 2026-09-25

Sheet 02 Scored RAID Register
A1: Scored RAID Register
A2: RAID | DeliverIQ Open PM Toolkit
A3: Free reusable template - CC BY 4.0 - Sheuli A Mukherjee / DeliverIQ
A5: Type | B5: Title | C5: Probability (1-5) | D5: Impact (1-5) | E5: Score | F5: RAG | G5: Owner | H5: Mitigation | I5: Target Date | J5: Escalation
A6: Risk | B6: Source extract delay | C6: 3 | D6: 4 | E6: =C6*D6 -> 12 | F6: Amber | G6: Data Lead | H6: Run extract rehearsal | I6: 2026-09-20 | J6: Programme
A7: Risk | B7: Key resource attrition | C7: 2 | D7: 5 | E7: =C7*D7 -> 10 | F7: Amber | G7: PM | H7: Cross-train backup resource | I7: 2026-10-01 | J7: Project
A8: Issue | B8: Reconciliation mismatch in test cycle 2 | C8: 5 | D8: 4 | E8: =C8*D8 -> 20 | F8: Red | G8: Data Lead | H8: Root-cause and re-run | I8: 2026-09-16 | J8: Programme
A9: Assumption | B9: Downstream systems accept batch format unchanged | C9: 2 | D9: 3 | E9: =C9*D9 -> 6 | F9: Green | G9: Tech Lead | H9: Confirm with downstream owner | I9: 2026-09-22 | J9: Project
E10: =IF(AND(C10="",D10=""),"",C10*D10) | F10: Green
E11: =IF(AND(C11="",D11=""),"",C11*D11) | F11: Green
E12: =IF(AND(C12="",D12=""),"",C12*D12) | F12: Green
E13: =IF(AND(C13="",D13=""),"",C13*D13) | F13: Green
E14: =IF(AND(C14="",D14=""),"",C14*D14) | F14: Green
E15: =IF(AND(C15="",D15=""),"",C15*D15) | F15: Green

Sheet 03 Executive RAID Summary
A1: Executive RAID Summary
A2: RAID | DeliverIQ Open PM Toolkit
A3: Free reusable template - CC BY 4.0 - Sheuli A Mukherjee / DeliverIQ
A5: Top Item | B5: Business Impact | C5: Trend | D5: Owner | E5: Decision Needed | F5: Target Resolution
A6: UAT reconciliation mismatch | B6: Go-live exposure | C6: Deteriorating | D6: BI Lead | E6: Confirm contingency | F6: 2026-09-20
A7: Key resource attrition risk | B7: Delivery capacity | C7: Stable | D7: PM | E7: Approve backfill budget | F7: 2026-09-25

Sheet 04 Technical Migration RAID
A1: Technical Migration RAID
A2: RAID | DeliverIQ Open PM Toolkit
A3: Free reusable template - CC BY 4.0 - Sheuli A Mukherjee / DeliverIQ
A5: Domain | B5: Risk/Issue | C5: Data/System | D5: Environment | E5: Probability | F5: Impact | G5: Score | H5: Mitigation | I5: Fallback | J5: Owner
A6: Data | B6: Risk | C6: Finance feed | D6: UAT | E6: 4 | F6: 5 | G6: =E6*F6 -> 20 | H6: Reconcile sample early | I6: Rollback extract | J6: Data Lead
A7: Infrastructure | B7: Issue | C7: Cutover environment | D7: Staging | E7: 3 | F7: 4 | G7: =E7*F7 -> 12 | H7: Add capacity buffer | I7: Extend window | J7: Infra Lead
G8: =IF(AND(E8="",F8=""),"",E8*F8)
G9: =IF(AND(E9="",F9=""),"",E9*F9)
G10: =IF(AND(E10="",F10=""),"",E10*F10)
G11: =IF(AND(E11="",F11=""),"",E11*F11)
G12: =IF(AND(E12="",F12=""),"",E12*F12)
G13: =IF(AND(E13="",F13=""),"",E13*F13)

Sheet 05 RAID Scoring Guide
A1: RAID Scoring & Definitions Guide
A2: RAID | Reference Guide - probability/impact scale and RAID definitions
A3: Free reusable template - CC BY 4.0 - Sheuli A Mukherjee / DeliverIQ
A5: RAID Element | B5: Definition
A6: Risk | B6: An uncertain future event that, if it occurs, would affect objectives. Always scored probability x impact.
A7: Assumption | B7: Something believed true for planning purposes but not yet confirmed. Must be validated or it becomes a risk.
A8: Issue | B8: A risk that has materialised, or a current problem with no uncertainty attached. Needs immediate action, not scoring.
A9: Dependency | B9: A piece of work, decision or resource owned outside the project's direct control, needed to proceed.
A11: Score | B11: Probability / Impact Meaning
A12: 1 | B12: Rare / Negligible
A13: 2 | B13: Unlikely / Minor
A14: 3 | B14: Possible / Moderate
A15: 4 | B15: Likely / Major
A16: 5 | B16: Almost Certain / Severe
A18: Score Range | B18: RAG
A19: 1-6 | B19: Green
A20: 7-14 | B20: Amber
A21: 15-25 | B21: Red

Sheet 06 Assumptions Log
A1: Assumptions Log
A2: RAID | DeliverIQ Open PM Toolkit
A3: Free reusable template - CC BY 4.0 - Sheuli A Mukherjee / DeliverIQ
A5: Assumption | B5: Rationale | C5: Owner | D5: Validation Method | E5: Validate By | F5: Status | G5: Impact if Invalid
A6: Test data mirrors production volumes | B6: Needed for accurate performance testing | C6: QA Lead | D6: Compare row counts to prod extract | E6: 2026-09-20 | F6: Open | G6: Performance results unreliable
A7: Downstream systems accept batch format unchanged | B7: No change request raised by downstream owner | C7: Tech Lead | D7: Confirm in writing with downstream team | E7: 2026-09-22 | F7: Open | G7: Rework of interface mapping

Sheet 07 RAID Trend Tracker
A1: RAID Trend Tracker
A2: RAID | Live counts calculated from the Scored RAID Register
A3: Free reusable template - CC BY 4.0 - Sheuli A Mukherjee / DeliverIQ
A5: Week Of | B5: Open Risks | C5: Open Issues | D5: Red Items | E5: Amber Items | F5: Green Items
A6: 2026-09-08 | B6: =COUNTIF('02 Scored RAID Register'!A6:A205,"Risk") -> 2 | C6: =COUNTIF('02 Scored RAID Register'!A6:A205,"Issue") -> 1 | D6: =COUNTIF('02 Scored RAID Register'!F6:F205,"Red") -> 1 | E6: =COUNTIF('02 Scored RAID Register'!F6:F205,"Amber") -> 2 | F6: =COUNTIF('02 Scored RAID Register'!F6:F205,"Green") -> 7
